channelTitle,weight
Hiru News,247.3708782839904
Ada Derana,159.4580181671496
Newsfirst Sri Lanka,71.64352934435956
Sirasa TV,37.04373594819488
